Date,Observe,Train,Test,Valid
2001-03-04,969.3299999999999,838.8338623046875,,
2001-03-11,965.1433333333334,894.8307495117188,,
2001-03-18,954.074,889.9639892578125,,
2001-03-25,997.4699999999999,870.7802734375,,
2001-04-01,629.8340000000001,920.304443359375,,
2001-04-08,797.5020000000001,525.5176391601562,,
2001-04-15,1064.248,764.2371826171875,,
2001-04-22,636.4183333333334,1080.2939453125,,
2001-04-29,994.3650000000001,545.322265625,,
2001-05-06,1061.435,1002.5869140625,,
2001-05-13,935.4699999999999,1010.5377197265625,,
2001-05-20,1259.915,860.51318359375,,
2001-05-27,1480.466666666667,1339.5972900390625,,
2001-06-03,1845.6825,1423.2479248046875,,
2001-06-10,2535.55,1861.904052734375,,
2001-06-17,4288.23,2617.34326171875,,
2001-06-24,4346.25,4399.265625,,
2001-07-01,6100.04,4350.59521484375,,
2001-07-08,8881.975,6199.48876953125,,
2001-07-15,11663.91,9209.0654296875,,
2001-07-22,18959.93,11883.7109375,,
2001-07-29,35127.75,19844.265625,,
2001-08-05,39868.76,36702.2890625,,
2001-08-12,42896.52,40278.5078125,,
2001-08-19,31532.66,42781.82421875,,
2001-08-26,22085.94,30432.236328125,,
2001-09-02,47829.479999999996,20878.4765625,,
2001-09-09,41922.66,52729.35546875,,
2001-09-16,42145.49,42365.10546875,,
2001-09-23,41779.16,40219.796875,,
2001-09-30,26501.65,39790.70703125,,
2001-10-07,18723.93,20014.935546875,,
2001-10-14,30240.8,19890.912109375,,
2001-10-21,28491.05,31194.826171875,,
2001-10-28,17778.85,26373.546875,,
2001-11-04,10576.43,14803.8349609375,,
2001-11-11,8425.86,6349.20166015625,,
2001-11-18,6373.33,4567.30419921875,,
2001-11-25,5573.83,6551.86572265625,,
2001-12-02,4527.463333333334,5304.498046875,,
2001-12-09,3858.373333333333,1923.72119140625,,
2001-12-16,3370.4375,1226.4736328125,,
2001-12-23,2789.6225,2105.88134765625,,
2001-12-30,2448.6580000000004,1952.193115234375,,
2002-01-06,2190.115,1917.5950927734375,,
2002-01-13,1863.363333333333,1763.3514404296875,,
2002-01-20,1698.0333333333335,1487.5469970703125,,
2002-01-27,1590.4483333333335,1427.3428955078125,,
2002-02-03,1606.1516666666666,1344.970947265625,,
2002-02-10,1590.908333333333,1412.426025390625,,
2002-02-17,1490.8533333333335,1445.620849609375,,
2002-02-24,1502.2475,1332.12451171875,,
2002-03-03,1523.4783333333332,1385.97412109375,,
2002-03-10,1417.6916666666666,1436.4364013671875,,
2002-03-17,1173.9640000000002,1338.95361328125,,
2002-03-24,1034.0733333333333,1089.6016845703125,,
2002-03-31,994.9975000000001,945.1685791015625,,
2002-04-07,1065.0420000000001,935.2376098632812,,
2002-04-14,1389.1850000000002,1026.0374755859375,,
2002-04-21,1145.1283333333333,1363.2366943359375,,
2002-04-28,1225.9950000000001,1032.95751953125,,
2002-05-05,1299.6680000000001,1135.2178955078125,,
2002-05-12,1267.6783333333333,1271.03076171875,,
2002-05-19,1415.8950000000002,1214.1220703125,,
2002-05-26,1620.5125,1453.7113037109375,,
2002-06-02,2699.2875,1583.460205078125,,
2002-06-09,2750.0,2751.332763671875,,
2002-06-16,2558.0,2741.61865234375,,
2002-06-23,2570.0,2436.9814453125,,
2002-06-30,6264.0,2549.515869140625,,
2002-07-07,6758.0,6585.931640625,,
2002-07-14,16339.0,6975.962890625,,
2002-07-21,19157.0,17127.53125,,
2002-07-28,16617.0,19531.501953125,,
2002-08-04,39750.0,15657.4052734375,,
2002-08-11,40054.31,42490.1015625,,
2002-08-18,38207.155,40348.671875,,
2002-08-25,36360.0,37805.58984375,,
2002-09-01,40980.0,37183.79296875,,
2002-09-08,30385.235,39483.15234375,,
2002-09-15,19790.47,31797.578125,,
2002-09-22,32840.11,18553.85546875,,
2002-09-29,28538.54,32713.654296875,,
2002-10-06,29325.25,26388.798828125,,
2002-10-13,17129.52,27901.798828125,,
2002-10-20,11611.16,13996.0732421875,,
2002-10-27,9429.7,6440.02587890625,,
2002-11-03,7560.54,10074.7216796875,,
2002-11-10,633.42,6363.12255859375,,
2002-11-17,5491.62,-994.13818359375,,
2002-11-24,3821.06,3243.8837890625,,
2002-12-01,3689.0550000000003,1651.38134765625,,
2002-12-08,3439.9325,2104.382080078125,,
2002-12-15,3190.81,3076.33447265625,,
2002-12-22,2334.69,1459.000244140625,,
2002-12-29,1957.95,2439.37646484375,,
2003-01-05,1704.75,1846.0242919921875,,
2003-01-12,1420.17,1411.3275146484375,,
2003-01-19,1399.19,1203.38916015625,,
2003-01-26,1306.1425,1241.5,,
2003-02-02,1213.095,1052.565673828125,,
2003-02-09,1209.87,994.3831787109375,,
2003-02-16,1255.84,1083.0731201171875,,
2003-02-23,1301.81,1138.39990234375,,
2003-03-02,1308.02,1231.1875,,
2003-03-09,1422.91,1244.7705078125,,
2003-03-16,1205.75,1364.902587890625,,
2003-03-23,988.59,1132.5906982421875,,
2003-03-30,985.18,917.5562133789062,,
2003-04-06,1074.47,958.2694702148438,,
2003-04-13,1066.3,1041.4739990234375,,
2003-04-20,898.7,1041.8797607421875,,
2003-04-27,920.945,812.950439453125,,
2003-05-04,943.19,830.7322998046875,,
2003-05-11,1260.12,897.6885986328125,,
2003-05-18,1420.12,1266.8304443359375,,
2003-05-25,1374.91,1417.43408203125,,
2003-06-01,1389.05,1295.0687255859375,,
2003-06-08,1762.64,1346.3780517578125,,
2003-06-15,1745.53,1765.065185546875,,
2003-06-22,2867.38,1755.9993896484375,,
2003-06-29,4519.39,2966.606201171875,,
2003-07-06,7188.27,4668.10498046875,,
2003-07-13,16809.93,7361.845703125,,
2003-07-20,26031.79,17773.86328125,,
2003-07-27,27146.47,26946.412109375,,
2003-08-03,27083.71,27015.314453125,,
2003-08-10,27102.27,26916.900390625,,
2003-08-17,27087.11,27108.7421875,,
2003-08-24,27063.53,27956.66015625,,
2003-08-31,42125.435,28372.173828125,,
2003-09-07,40585.68,43438.43359375,,
2003-09-14,41062.04,39621.87890625,,
2003-09-21,57252.69,39170.36328125,,
2003-09-28,57099.7,58114.05078125,,
2003-10-05,49335.47,55456.7265625,,
2003-10-12,41571.24,48793.53125,,
2003-10-19,34996.78,40146.5625,,
2003-10-26,20629.43,32019.482421875,,
2003-11-02,12503.51,19860.853515625,,
2003-11-09,12141.12,10779.501953125,,
2003-11-16,11414.45,9334.095703125,,
2003-11-23,10906.77,7909.25146484375,,
2003-11-30,6314.56,8022.84814453125,,
2003-12-07,5498.216666666667,2182.92724609375,,
2003-12-14,4773.954,2166.42626953125,,
2003-12-21,4064.2186666666666,3698.2607421875,,
2003-12-28,3354.4833333333336,3303.848388671875,,
2004-01-04,2697.67,2888.74951171875,,
2004-01-11,2404.42,1524.361572265625,,
2004-01-18,2353.27,1666.736572265625,,
2004-01-25,2223.955,1997.002197265625,,
2004-02-01,2137.25,1887.9493408203125,,
2004-02-08,2322.42,1828.7296142578125,,
2004-02-15,2271.915,2072.05615234375,,
2004-02-22,1759.2199999999998,2071.782470703125,,
2004-02-29,1629.8,1575.41552734375,,
2004-03-07,1416.2849999999999,1502.21923828125,,
2004-03-14,1191.945,1298.05078125,,
2004-03-21,1212.695,1099.3880615234375,,
2004-03-28,965.9649999999999,1158.76123046875,,
2004-04-04,1006.6433333333334,788.2110595703125,,
2004-04-11,1128.025,883.52880859375,,
2004-04-18,1141.9450000000002,1061.6973876953125,,
2004-04-25,1104.645,1036.0406494140625,,
2004-05-02,1098.395,1049.30615234375,,
2004-05-09,1104.1,1019.9243774414062,,
2004-05-16,1089.9833333333333,1053.7001953125,,
2004-05-23,932.78,1073.1402587890625,,
2004-05-30,2056.54,889.6298828125,,
2004-06-06,2412.92,2123.392578125,,
2004-06-13,2343.25,2433.57958984375,,
2004-06-20,2704.68,2245.768798828125,,
2004-06-27,2671.9,2711.423095703125,,
2004-07-04,2701.8,2571.5361328125,,
2004-07-11,9996.62,2782.774169921875,,
2004-07-18,21043.79,10807.0654296875,,
2004-07-25,37586.73,22196.412109375,,
2004-08-01,37705.75,39050.49609375,,
2004-08-08,31907.37,37530.5078125,,
2004-08-15,29975.96,30277.845703125,,
2004-08-22,29952.52,30412.724609375,,
2004-08-29,34531.71,31164.37890625,,
2004-09-05,37259.33,37301.3671875,,
2004-09-12,31778.0,37591.421875,,
2004-09-19,27977.0,28706.1484375,,
2004-09-26,22467.0,25339.751953125,,
2004-10-03,18992.0,20510.263671875,,
2004-10-10,19561.59,17854.130859375,,
2004-10-17,28409.11,19283.072265625,,
2004-10-24,15290.29,27397.73046875,,
2004-10-31,11161.13,11940.73046875,,
2004-11-07,7691.26,7953.11083984375,,
2004-11-14,6047.165,6170.45556640625,,
2004-11-21,5411.089333333333,4336.10986328125,,
2004-11-28,4775.013666666667,6479.54931640625,,
2004-12-05,4138.938,2545.96826171875,,
2004-12-12,3573.481666666667,1926.84228515625,,
2004-12-19,3184.018,2302.268310546875,,
2004-12-26,2554.134,2346.2490234375,,
2005-01-02,2097.2883333333334,2052.99951171875,,
2005-01-09,1930.3016666666665,1710.91357421875,,
2005-01-16,1642.9733333333336,1615.9986572265625,,
2005-01-23,1431.0866666666668,1337.60791015625,,
2005-01-30,1285.416,1186.4298095703125,,
2005-02-06,1387.152,1049.594482421875,,
2005-02-13,1372.364,1190.06884765625,,
2005-02-20,1378.404,1246.55517578125,,
2005-02-27,1188.284,1251.7239990234375,,
2005-03-06,1011.184,1063.1842041015625,,
2005-03-13,970.7183333333334,893.546630859375,,
2005-03-20,1020.2766666666666,929.354736328125,,
2005-03-27,926.7075000000001,984.0736083984375,,
2005-04-03,753.626,874.4545288085938,,
2005-04-10,1055.8760000000002,662.0780029296875,,
2005-04-17,938.262,1007.6240234375,,
2005-04-24,781.8216666666667,881.1610107421875,,
2005-05-01,1000.1899999999999,720.1395263671875,,
2005-05-08,928.402,994.6665649414062,,
2005-05-15,1059.9383333333333,852.9649047851562,,
2005-05-22,1099.362,1068.1834716796875,,
2005-05-29,1126.875,1091.765869140625,,
2005-06-05,1158.6,1048.6328125,,
2005-06-12,1124.83,1159.3726806640625,,
2005-06-19,1230.78,1088.1829833984375,,
2005-06-26,1064.15,1219.2857666015625,,
2005-07-03,4592.68,1029.30224609375,,
2005-07-10,4491.05,4906.7529296875,,
2005-07-17,20268.52,4523.53857421875,,
2005-07-24,27829.77,21632.634765625,,
2005-07-31,37322.08,28936.013671875,,
2005-08-07,25872.29,37407.625,,
2005-08-14,23862.97,25281.984375,,
2005-08-21,37317.25,22477.69921875,,
2005-08-28,42306.57,41084.83203125,,
2005-09-04,43619.99,43962.05859375,,
2005-09-11,34133.39,44428.90234375,,
2005-09-18,21378.82,30860.255859375,,
2005-09-25,18881.36,17007.46484375,,
2005-10-02,19187.17,19381.673828125,,
2005-10-09,20105.31,19746.80078125,,
2005-10-16,19719.73,19285.494140625,,
2005-10-23,15048.35,17116.4296875,,
2005-10-30,10887.17,10610.1259765625,,
2005-11-06,8869.915,8106.11865234375,,
2005-11-13,7460.783333333334,7806.99560546875,,
2005-11-20,6051.651666666667,6747.814453125,,
2005-11-27,4642.52,5278.5791015625,,
2005-12-04,4129.6900000000005,3163.44384765625,,
2005-12-11,4188.66,2580.6103515625,,
2005-12-18,3257.09,3209.427734375,,
2005-12-25,2796.652,2490.157958984375,,
2006-01-01,2412.0414285714287,2158.859130859375,,
2006-01-08,2032.6016666666667,1870.256103515625,,
2006-01-15,1769.155,1610.385986328125,,
2006-01-22,1462.1,1586.095703125,,
2006-01-29,1343.248,1159.653564453125,,
2006-02-05,1303.4483333333333,1076.555419921875,,
2006-02-12,1195.3066666666666,1121.12255859375,,
2006-02-19,1144.8733333333332,1015.3474731445312,,
2006-02-26,1079.5480000000002,1004.5810546875,,
2006-03-05,1011.1033333333335,949.60107421875,,
2006-03-12,932.6400000000003,908.9952392578125,,
2006-03-19,1082.73,866.0805053710938,,
2006-03-26,1031.304,1034.6827392578125,,
2006-04-02,583.2900000000001,975.4931030273438,,
2006-04-09,1061.4783333333332,477.0838623046875,,
2006-04-16,952.5519999999999,1057.8447265625,,
2006-04-23,514.67,912.7745361328125,,
2006-04-30,846.0300000000001,421.28741455078125,,
2006-05-07,992.594,874.1058959960938,,
2006-05-14,749.058,907.2378540039062,,
2006-05-21,1073.256666666667,721.7274780273438,,
2006-05-28,1101.1616666666669,1107.343505859375,,
2006-06-04,1196.4966666666667,1006.17724609375,,
2006-06-11,3279.63,1176.59423828125,,
2006-06-18,5014.82,3527.771240234375,,
2006-06-25,7550.7,5151.75439453125,,
2006-07-02,4768.75,7737.75634765625,,
2006-07-09,7804.93,4477.361328125,,
2006-07-16,10721.43,7849.39013671875,,
2006-07-23,20658.09,11438.7412109375,,
2006-07-30,23231.5,21670.560546875,,
2006-08-06,23603.98,24008.623046875,,
2006-08-13,27052.23,22605.541015625,,
2006-08-20,26787.44,27349.79296875,,
2006-08-27,26631.19,26723.1328125,,
2006-09-03,33874.56,27513.75,,
2006-09-10,37009.9,34952.6015625,,
2006-09-17,36713.2,36566.43359375,,
2006-09-24,36268.63,35896.6875,,
2006-10-01,27465.06,35297.1484375,,
2006-10-08,25957.35666666667,25116.626953125,,
2006-10-15,19319.7,25385.859375,,
2006-10-22,17767.34,18640.091796875,,
2006-10-29,16234.62,16031.4609375,,
2006-11-05,15592.81,15098.392578125,,
2006-11-12,11268.18,12676.1181640625,,
2006-11-19,5448.37,9071.728515625,,
2006-11-26,4487.5,2682.70849609375,,
2006-12-03,4142.293333333332,2976.328125,,
2006-12-10,3628.2283333333326,3221.6865234375,,
2006-12-17,3053.8416666666667,2795.5673828125,,
2006-12-24,2595.5333333333333,1927.3984375,,
2006-12-31,2307.7140000000004,951.38330078125,,
2007-01-07,1613.8433333333332,1471.37939453125,,
2007-01-14,1255.162,1262.0521240234375,,
2007-01-21,1221.1316666666667,967.3170166015625,,
2007-01-28,1225.9333333333334,990.369384765625,,
2007-02-04,1179.755,1008.5750122070312,,
2007-02-11,1118.821666666667,1020.7450561523438,,
2007-02-18,1040.3550000000002,915.1387329101562,,
2007-02-25,1409.734,867.34033203125,,
2007-03-04,1490.1200000000001,1368.044189453125,,
2007-03-11,1445.325,1463.55712890625,,
2007-03-18,1285.635,1374.6583251953125,,
2007-03-25,1210.371666666667,1221.041748046875,,
2007-04-01,1153.5049999999999,1130.7315673828125,,
2007-04-08,1207.3300000000002,1159.239501953125,,
2007-04-15,1373.3659999999998,1203.3096923828125,,
2007-04-22,1442.285,1344.271728515625,,
2007-04-29,1355.1566666666665,1371.911865234375,,
2007-05-06,1259.3674999999998,1272.5853271484375,,
2007-05-13,1161.715,1187.68603515625,,
2007-05-20,1404.6499999999999,1109.869140625,,
2007-05-27,1675.3799999999999,1411.49267578125,,
2007-06-03,2048.7299999999996,1686.5833740234375,,
2007-06-10,2039.58,2021.331787109375,,
2007-06-17,2263.84,1970.869384765625,,
2007-06-24,4296.06,2194.504150390625,,
2007-07-01,7388.63,4485.56884765625,,
2007-07-08,6429.705,7715.0185546875,,
2007-07-15,7012.5625,6303.89990234375,,
2007-07-22,7595.42,6879.55712890625,,
2007-07-29,26144.36,7631.3759765625,,
2007-08-05,37442.02,28052.27734375,,
2007-08-12,54216.79,39372.41015625,,
2007-08-19,41249.25,54982.5546875,,
2007-08-26,42236.27,39763.59765625,,
2007-09-02,41425.99,40463.80078125,,
2007-09-09,39902.89,44168.22265625,,
2007-09-16,42390.63,40621.6015625,,
2007-09-23,46362.98,44957.11328125,,
2007-09-30,39658.63,44013.4609375,,
2007-10-07,29938.67,36255.83203125,,
2007-10-14,30906.48,26908.966796875,,
2007-10-21,22174.49,29063.833984375,,
2007-10-28,17731.2,19988.560546875,,
2007-11-04,16317.3,16134.68359375,,
2007-11-11,9900.09,14380.3203125,,
2007-11-18,5859.81,5606.41650390625,,
2007-11-25,5291.5025000000005,3790.02587890625,,
2007-12-02,4723.195,3175.95458984375,,
2007-12-09,3979.5,2510.07958984375,,
2007-12-16,3612.6499999999996,2824.05029296875,,
2007-12-23,3092.4533333333334,2049.33251953125,,
2007-12-30,2419.94,1575.982666015625,,
2008-01-06,1956.625,1720.796875,,
2008-01-13,1690.4350000000002,1604.5511474609375,,
2008-01-20,1492.7780000000002,1348.7352294921875,,
2008-01-27,1210.74,1226.493896484375,,
2008-02-03,1420.476,963.2996826171875,,
2008-02-10,1441.5916666666665,1200.4736328125,,
2008-02-17,1138.7533333333333,1254.1671142578125,,
2008-02-24,1053.8780000000002,950.6503295898438,,
2008-03-02,1032.5000000000002,942.201171875,,
2008-03-09,923.0316666666666,922.746826171875,,
2008-03-16,965.7783333333333,871.89892578125,,
2008-03-23,1049.138333333333,948.7696533203125,,
2008-03-30,649.27,972.5064697265625,,
2008-04-06,667.2083333333333,529.9825439453125,,
2008-04-13,990.2800000000001,616.74365234375,,
2008-04-20,588.876,989.572509765625,,
2008-04-27,750.195,507.3229675292969,,
2008-05-04,993.9739999999999,744.2384033203125,,
2008-05-11,657.7066666666668,960.584228515625,,
2008-05-18,771.9483333333334,547.781494140625,,
2008-05-25,1010.316,814.0993041992188,,
2008-06-01,1070.6060000000002,985.7254638671875,,
2008-06-08,1141.33,1030.7354736328125,,
2008-06-15,1725.27,1179.383056640625,,
2008-06-22,2360.43,1719.79541015625,,
2008-06-29,14881.01,2390.90380859375,,
2008-07-06,18644.99,16144.76171875,,
2008-07-13,26764.11,19222.294921875,,
2008-07-20,27010.91,26992.681640625,,
2008-07-27,28101.0,27265.400390625,,
2008-08-03,32463.69,27375.06640625,,
2008-08-10,30951.99,34628.21875,,
2008-08-17,29805.96,31362.23046875,,
2008-08-24,43258.81,30112.646484375,,
2008-08-31,49784.04,44253.16015625,,
2008-09-07,49564.03,49527.53125,,
2008-09-14,41357.885,48539.63671875,,
2008-09-21,31151.8425,39270.0625,,
2008-09-28,20945.8,27874.86328125,,
2008-10-05,30082.53,20361.025390625,,
2008-10-12,29784.07,31324.908203125,,
2008-10-19,18517.31,28961.16796875,,
2008-10-26,14360.985,13881.0244140625,,
2008-11-02,10204.66,10525.955078125,,
2008-11-09,8770.76,6232.48681640625,,
2008-11-16,5774.095,8116.12451171875,,
2008-11-23,5497.172500000001,5500.37646484375,,
2008-11-30,5220.25,2701.3857421875,,
2008-12-07,4175.363333333335,3211.1708984375,,
2008-12-14,3463.3833333333328,2549.83203125,,
2008-12-21,3141.5200000000004,2549.3798828125,,
2008-12-28,2706.2140000000004,2245.471435546875,,
2009-01-04,2029.9900000000005,2161.4970703125,,
2009-01-11,2132.204,1713.8807373046875,,
2009-01-18,1628.9499999999998,1791.6141357421875,,
2009-01-25,1506.8749999999998,1262.9698486328125,,
2009-02-01,1534.3960000000002,1242.974365234375,,
2009-02-08,1294.6966666666667,1378.8792724609375,,
2009-02-15,1167.7166666666667,1023.0827026367188,,
2009-02-22,1033.9859999999999,1050.861083984375,,
2009-03-01,1004.9183333333334,889.9329223632812,,
2009-03-08,918.495,880.0455322265625,,
2009-03-15,922.628,862.0408935546875,,
2009-03-22,1046.56,836.7998046875,,
2009-03-29,755.8980000000001,984.420166015625,,
2009-04-05,687.3033333333333,657.1802978515625,,
2009-04-12,956.1949999999998,622.0389404296875,,
2009-04-19,702.38,949.4545288085938,,
2009-04-26,716.9499999999999,635.9473876953125,,
2009-05-03,1026.5116666666665,699.20361328125,,
2009-05-10,735.085,1011.5441284179688,,
2009-05-17,846.3366666666665,635.6559448242188,,
2009-05-24,942.2233333333334,860.37939453125,,
2009-05-31,1253.2083333333333,927.0823364257812,,
2009-06-07,2325.77,1220.3287353515625,,
2009-06-14,1836.56,2473.35986328125,,
2009-06-21,1718.82,1735.994873046875,,
2009-06-28,1605.56,1615.4708251953125,,
2009-07-05,1889.6,1617.9140625,,
2009-07-12,6324.07,1881.91650390625,,
2009-07-19,7615.425,6934.45166015625,,
2009-07-26,7606.0225,7741.25146484375,,
2009-08-02,7596.62,7292.08935546875,,
2009-08-09,18501.73,7515.814453125,,
2009-08-16,22258.91,19392.841796875,,
2009-08-23,26016.09,23353.84765625,,
2009-08-30,38600.84,26198.712890625,,
2009-09-06,35998.85,39755.3125,,
2009-09-13,24071.37,35023.32421875,,
2009-09-20,22560.82,23316.353515625,,
2009-09-27,19713.46,23021.431640625,,
2009-10-04,16866.1,19235.80859375,,
2009-10-11,15428.4375,17453.23046875,,
2009-10-18,13990.775,14890.5625,,
2009-10-25,12553.1125,10531.28515625,,
2009-11-01,11115.45,10319.8564453125,,
2009-11-08,9187.963333333333,9629.1474609375,,
2009-11-15,7260.476666666667,7601.2978515625,,
2009-11-22,5332.99,5987.21875,,
2009-11-29,4443.944166666666,4260.171875,,
2009-12-06,3554.898333333333,3528.23681640625,,
2009-12-13,2982.2433333333333,2742.96142578125,,
2009-12-20,2585.44,2143.408447265625,,
2009-12-27,2120.5566666666664,1834.536865234375,,
2010-01-03,1688.6359999999997,1385.064697265625,,
2010-01-10,1438.2033333333331,1182.92724609375,,
2010-01-17,1254.1466666666665,1065.9622802734375,,
2010-01-24,1166.863333333333,963.84033203125,,
2010-01-31,1060.1016666666667,957.5314331054688,,
2010-02-07,1042.345,871.0899658203125,,
2010-02-14,1018.7116666666666,869.2552490234375,,
2010-02-21,963.692,893.4450073242188,,
2010-02-28,930.0200000000001,860.701904296875,,
2010-03-07,826.4016666666666,858.6026000976562,,
2010-03-14,857.5116666666667,754.44384765625,,
2010-03-21,942.7279999999997,812.0939331054688,,
2010-03-28,700.1850000000001,917.726318359375,,
2010-04-04,493.0216666666666,630.0758666992188,,
2010-04-11,718.4583333333334,426.6551513671875,,
2010-04-18,705.6088888888889,700.8133544921875,,
2010-04-25,623.2199999999999,678.7808837890625,,
2010-05-02,901.6139999999999,596.7183837890625,,
2010-05-09,749.2266666666668,883.498046875,,
2010-05-16,686.065,661.649169921875,,
2010-05-23,876.7683333333334,664.4307861328125,,
2010-05-30,873.4219999999999,905.8431396484375,,
2010-06-06,985.78,829.0714721679688,,
2010-06-13,953.81,1007.790283203125,,
2010-06-20,1541.76,930.162353515625,,
2010-06-27,2129.71,1540.975341796875,,
2010-07-04,5415.705,2204.58349609375,,
2010-07-11,8701.7,5708.79443359375,,
2010-07-18,10224.79,9063.80859375,,
2010-07-25,11747.88,10229.919921875,,
2010-08-01,15825.656666666666,11852.466796875,,
2010-08-08,19903.433333333334,16174.9248046875,,
2010-08-15,23981.21,20620.015625,,
2010-08-22,22010.01,24729.27734375,,
2010-08-29,25492.06,21807.232421875,,
2010-09-05,39655.02,25402.65625,,
2010-09-12,40275.58,41339.73828125,,
2010-09-19,38922.13,40424.94140625,,
2010-09-26,38545.58,38310.109375,,
2010-10-03,38169.03,37598.171875,,
2010-10-10,27551.19,36935.35546875,,
2010-10-17,16933.35,27627.626953125,,
2010-10-24,14067.154999999999,15272.2275390625,,
2010-10-31,11200.96,12251.2060546875,,
2010-11-07,9276.0,9357.4521484375,,
2010-11-14,7351.04,7714.63330078125,,
2010-11-21,6365.23,4529.97802734375,,
2010-11-28,5007.16,2861.03369140625,,
2010-12-05,3649.090000000001,3056.103515625,,
2010-12-12,3152.0499999999997,2351.41357421875,,
2010-12-19,2721.3199999999997,2235.5380859375,,
2010-12-26,2368.693333333333,1935.158203125,,
2011-01-02,1987.998,1782.0966796875,,
2011-01-09,1784.7549999999999,1479.8250732421875,,
2011-01-16,1511.805,1279.8353271484375,,
2011-01-23,1411.8633333333335,1183.3580322265625,,
2011-01-30,1339.5583333333334,1187.073486328125,,
2011-02-06,1073.521666666667,1164.043212890625,,
2011-02-13,1100.3883333333333,878.2447509765625,,
2011-02-20,1063.532,975.7775268554688,,
2011-02-27,1011.0880000000001,953.2026977539062,,
2011-03-06,1005.8233333333333,908.9049072265625,,
2011-03-13,1003.5333333333333,948.4093017578125,,
2011-03-20,1054.1039999999998,911.0804443359375,,
2011-03-27,1057.594,1004.5984497070312,,
2011-04-03,921.3083333333335,1019.3372192382812,,
2011-04-10,995.9149999999998,857.54541015625,,
2011-04-17,934.814,961.8478393554688,,
2011-04-24,820.7350000000001,898.881591796875,,
2011-05-01,954.2700000000001,773.7063598632812,,
2011-05-08,894.0233333333334,944.2086791992188,,
2011-05-15,868.4983333333331,835.249267578125,,
2011-05-22,1033.3880000000001,827.0650634765625,,
2011-05-29,1072.6399999999999,1023.527587890625,,
2011-06-05,1245.995,1020.5696411132812,,
2011-06-12,1582.34,1241.105224609375,,
2011-06-19,2160.45,1591.649658203125,,
2011-06-26,2738.56,2170.91552734375,,
2011-07-03,10124.69,2784.703369140625,,
2011-07-10,17510.82,10833.87890625,,
2011-07-17,25884.97,18348.12890625,,
2011-07-24,19097.75,26498.701171875,,
2011-07-31,26272.99,18367.720703125,,
2011-08-07,37774.68,26305.634765625,,
2011-08-14,36706.14,40209.6796875,,
2011-08-21,38751.29,37137.75,,
2011-08-28,48113.49,39861.16015625,,
2011-09-04,41610.9,47654.0078125,,
2011-09-11,37184.63,40115.296875,,
2011-09-18,30584.47,37326.22265625,,
2011-09-25,36667.77,29410.193359375,,
2011-10-02,44928.3,35442.28515625,,
2011-10-09,47132.79,46240.7578125,,
2011-10-16,36374.38,45045.9453125,,
2011-10-23,18409.45,32407.005859375,,
2011-10-30,10269.58,13283.9443359375,,
2011-11-06,8583.46,8329.986328125,,
2011-11-13,6740.14,8925.94140625,,
2011-11-20,6032.66,6117.97802734375,,
2011-11-27,5762.5,3315.85791015625,,
2011-12-04,4213.2300000000005,1186.61083984375,,
2011-12-11,3647.226000000001,738.09716796875,,
2011-12-18,3177.25,2315.404052734375,,
2011-12-25,2999.1400000000003,2464.990966796875,,
2012-01-01,2680.443333333333,2450.69580078125,,
2012-01-08,2644.806666666667,2381.92626953125,,
2012-01-15,2466.7183333333332,2180.02978515625,,
2012-01-22,2493.385,2103.571044921875,,
2012-01-29,2427.9133333333334,2235.377197265625,,
2012-02-05,2415.6380000000004,2252.97216796875,,
2012-02-12,2195.8383333333336,2229.576904296875,,
2012-02-19,2104.726666666667,2047.53662109375,,
2012-02-26,1942.368,1955.8985595703125,,
2012-03-04,1612.07,1829.489990234375,,
2012-03-11,1389.0699999999997,1470.274658203125,,
2012-03-18,1196.408,1273.7503662109375,,
2012-03-25,1052.6399999999999,1062.50732421875,,
2012-04-01,986.616,929.7511596679688,,
2012-04-08,1094.3183333333332,885.2013549804688,,
2012-04-15,1186.512,982.5316162109375,,
2012-04-22,1264.125,1087.8707275390625,,
2012-04-29,1226.6516666666666,1176.96875,,
2012-05-06,1242.9375,1145.927490234375,,
2012-05-13,1225.1050000000002,1179.0263671875,,
2012-05-20,1148.736666666667,1198.58837890625,,
2012-05-27,1192.745,1118.5947265625,,
2012-06-03,1178.4924999999998,1174.536376953125,,
2012-06-10,1193.38,1135.5015869140625,,
2012-06-17,1916.74,1146.61669921875,,
2012-06-24,2062.73,1948.912353515625,,
2012-07-01,2305.85,2030.9765625,,
2012-07-08,6406.25,2257.072021484375,,
2012-07-15,6361.03,6789.935546875,,
2012-07-22,8768.2,6346.76953125,,
2012-07-29,19287.54,8865.2333984375,,
2012-08-05,12649.565,20471.767578125,,
2012-08-12,24977.43,11824.4599609375,,
2012-08-19,15053.625,26137.740234375,,
2012-08-26,25711.76,14761.634765625,,
2012-09-02,22287.93,25442.19921875,,
2012-09-09,32303.775,24498.505859375,,
2012-09-16,30665.72,31037.427734375,,
2012-09-23,30188.3,32198.05078125,,
2012-09-30,43491.16,27570.7109375,,
2012-10-07,32389.98,45331.32421875,,
2012-10-14,21205.52,30311.189453125,,
2012-10-21,14225.5,19465.63671875,,
2012-10-28,9071.62,13350.712890625,,
2012-11-04,7940.0,6622.48193359375,,
2012-11-11,6381.1,8920.3388671875,,
2012-11-18,5890.32,4477.35791015625,,
2012-11-25,5735.48,2221.00634765625,,
2012-12-02,3921.863333333333,3207.11962890625,,
2012-12-09,2957.0783333333334,1882.67041015625,,
2012-12-16,2785.285,1937.19873046875,,
2012-12-23,4141.77,2214.105224609375,,
2012-12-30,3235.2033333333334,3832.028564453125,,
2013-01-06,2328.6366666666663,2934.690185546875,,
2013-01-13,1422.07,1686.585205078125,,
2013-01-20,1279.8783333333333,950.4298095703125,,
2013-01-27,1244.39,991.292724609375,,
2013-02-03,1169.6166666666666,1373.648193359375,,
2013-02-10,1268.055,1003.8025512695312,,
2013-02-17,1205.6133333333335,985.14208984375,,
2013-02-24,1160.664,917.2128295898438,,
2013-03-03,1639.7416666666668,1003.9844360351562,,
2013-03-10,1768.7016666666666,1632.660400390625,,
2013-03-17,1526.962,1728.2252197265625,,
2013-03-24,1322.2583333333332,1449.0272216796875,,
2013-03-31,1054.1,1255.433837890625,,
2013-04-07,988.4766666666666,960.6881713867188,,
2013-04-14,956.4959999999999,998.8779296875,,
2013-04-21,945.9816666666667,967.3299560546875,,
2013-04-28,974.6766666666666,860.2086181640625,,
2013-05-05,1018.4219999999999,884.2914428710938,,
2013-05-12,1104.0983333333334,923.2966918945312,,
2013-05-19,1140.385,1045.4853515625,,
2013-05-26,1036.8719999999998,1100.5570068359375,,
2013-06-02,1052.7775,985.5559692382812,,
2013-06-09,2737.46,1021.3114013671875,,
2013-06-16,4667.18,2884.759765625,,
2013-06-23,4366.79,4868.38037109375,,
2013-06-30,6666.91,4265.87158203125,,
2013-07-07,26776.72666666667,6778.4619140625,,
2013-07-14,25013.7,28782.220703125,,
2013-07-21,40034.36,25193.568359375,,
2013-07-28,34469.37,40879.05859375,,
2013-08-04,39988.47,34484.89453125,,
2013-08-11,23451.1,38846.4453125,,
2013-08-18,47326.65666666667,25292.59375,,
2013-08-25,49051.24,48580.97265625,,
2013-09-01,51638.119999999995,51762.3125,,
2013-09-08,54225.0,48862.7421875,,
2013-09-15,53741.48,54548.015625,,
2013-09-22,27219.83,48922.6015625,,
2013-09-29,15712.84,25411.103515625,,
2013-10-06,10964.04,14164.4990234375,,
2013-10-13,10081.29,9860.095703125,,
2013-10-20,11826.26,8322.9765625,,
2013-10-27,20687.66,11036.1162109375,,
2013-11-03,13149.987500000001,15997.29296875,,
2013-11-10,11388.653333333334,7727.44482421875,,
2013-11-17,8149.78,8437.13671875,,
2013-11-24,7102.92,7288.1591796875,,
2013-12-01,5606.705,6210.53955078125,,
2013-12-08,5045.408333333334,6806.05419921875,,
2013-12-15,4701.8983333333335,3796.74462890625,,
2013-12-22,4301.742,3443.412109375,,
2013-12-29,3579.715,3218.103271484375,,
2014-01-05,2819.9739999999997,2821.76318359375,,
2014-01-12,2422.1516666666666,2174.9130859375,,
2014-01-19,2198.4660000000003,1978.1573486328125,,
2014-01-26,2355.606,1907.35009765625,,
2014-02-02,2577.7516666666666,2126.79443359375,,
2014-02-09,2545.8033333333333,2329.953125,,
2014-02-16,2347.0516666666667,2241.02099609375,,
2014-02-23,2225.9266666666667,2098.03466796875,,
2014-03-02,2163.6966666666667,2048.985595703125,,
2014-03-09,2203.0583333333334,2071.88818359375,,
2014-03-16,2438.891666666667,2160.427734375,,
2014-03-23,2303.944,2384.07861328125,,
2014-03-30,1931.408,2165.005859375,,
2014-04-06,1805.0616666666665,1757.3287353515625,,
2014-04-13,1685.2983333333334,1689.005859375,,
2014-04-20,1456.318,1591.4227294921875,,
2014-04-27,1458.305,1386.111328125,,
2014-05-04,1402.694,1378.386962890625,,
2014-05-11,1575.564285714286,1257.47900390625,,
2014-05-18,1431.5219999999997,1470.08251953125,,
2014-05-25,1651.8083333333332,1337.072509765625,,
2014-06-01,1582.225,1555.36767578125,,
2014-06-08,2617.17,1519.8773193359375,,
2014-06-15,2503.4,2636.42822265625,,
2014-06-22,2780.64,2493.275146484375,,
2014-06-29,2953.34,2677.604736328125,,
2014-07-06,4514.48,2971.748779296875,,
2014-07-13,8964.67,4556.21142578125,,
2014-07-20,8833.95,9525.755859375,,
2014-07-27,11231.29,8777.759765625,,
2014-08-03,15178.21,11203.5126953125,,
2014-08-10,14828.18,15578.7626953125,,
2014-08-17,19726.21,14651.220703125,,
2014-08-24,39978.16,20641.798828125,,
2014-08-31,42520.59,42060.26953125,,
2014-09-07,32975.26,42666.6953125,,
2014-09-14,21845.54,31440.955078125,,
2014-09-21,19574.23,20222.615234375,,
2014-09-28,21835.745000000003,18757.302734375,,
2014-10-05,19085.48,24683.892578125,,
2014-10-12,14794.985,19463.650390625,,
2014-10-19,10504.49,11700.7841796875,,
2014-10-26,10442.64,6519.89990234375,,
2014-11-02,10640.84,8255.2021484375,,
2014-11-09,8462.58,10214.8544921875,,
2014-11-16,7026.58,7222.9716796875,,
2014-11-23,5687.79,5386.13037109375,,
2014-11-30,4744.45,4057.623046875,,
2014-12-07,3823.2100000000005,3842.626953125,,
2014-12-14,3289.8783333333326,3433.074462890625,,
2014-12-21,3024.8679999999995,2563.364501953125,,
2014-12-28,2662.882,2341.616943359375,,
2015-01-04,2572.654,2073.2216796875,,
2015-01-11,2539.7816666666668,,2123.67724609375,
2015-01-18,2530.7383333333332,,2169.4990234375,
2015-01-25,2606.5583333333334,,2232.368408203125,
2015-02-01,2287.9500000000003,,2416.6611328125,
2015-02-08,1987.4933333333336,,2066.49072265625,
2015-02-15,1818.5316666666665,,1800.5042724609375,
2015-02-22,1776.0583333333336,,1699.343994140625,
2015-03-01,1460.8550000000002,,1668.69482421875,
2015-03-08,1426.9016666666666,,1354.7750244140625,
2015-03-15,1381.8850000000002,,1287.572021484375,
2015-03-22,1731.9299999999998,,1240.9403076171875,
2015-03-29,1673.092,,1638.3701171875,
2015-04-05,1927.2133333333331,,1600.1417236328125,
2015-04-12,2356.68,,1818.9539794921875,
2015-04-19,2332.79,,2331.915771484375,
2015-04-26,2123.233333333333,,2245.907470703125,
2015-05-03,2292.134,,2082.89794921875,
2015-05-10,2684.838,,2257.126953125,
2015-05-17,2815.103333333333,,2685.013427734375,
2015-05-24,2834.06,,2830.572021484375,
2015-05-31,3183.9816666666666,,2770.150390625,
2015-06-07,3265.29,,3089.4765625,
2015-06-14,3312.05,,3187.074951171875,
2015-06-21,3700.89,,3273.9775390625,
2015-06-28,3717.38,,3685.9453125,
2015-07-05,3841.15,,3609.363525390625,
2015-07-12,7035.76,,3769.005859375,
2015-07-19,7359.92,,7276.34130859375,
2015-07-26,10223.83,,7307.572265625,
2015-08-02,14696.98,,10286.1787109375,
2015-08-09,19048.25,,15125.5419921875,
2015-08-16,18994.91,,19151.146484375,
2015-08-23,22625.56,,19193.138671875,
2015-08-30,45351.26599999999,,22740.21875,
2015-09-06,43667.46,,47715.90625,
2015-09-13,36832.07,,43957.671875,
2015-09-20,21299.66,,35407.83984375,
2015-09-27,13435.42,,19507.7734375,
2015-10-04,12069.21,,11303.7080078125,
2015-10-11,6351.84,,15041.7412109375,
2015-10-18,4123.87,,5798.28076171875,
2015-10-25,3733.56,,1449.35107421875,
2015-11-01,3327.6,,-54.30419158935547,
2015-11-08,3181.895,,59.69483184814453,
2015-11-15,3036.19,,2000.17822265625,
2015-11-22,3033.85,,1703.357666015625,
2015-11-29,2940.49,,2005.046142578125,
2015-12-06,2791.603333333333,,2549.38330078125,
2015-12-13,2712.645,,2537.247802734375,
2015-12-20,2525.6259999999997,,2524.81494140625,
2015-12-27,2007.2299999999998,,2349.748046875,
2016-01-03,1642.0633333333333,,1822.1416015625,
2016-01-10,1256.355,,1474.612060546875,
2016-01-17,1133.2633333333335,,1089.479248046875,
2016-01-24,998.3966666666665,,995.1331787109375,
2016-01-31,997.2633333333333,,877.1681518554688,
2016-02-07,980.4516666666667,,821.179931640625,
2016-02-14,937.7933333333335,,829.2758178710938,
2016-02-21,902.768,,789.8514404296875,
2016-02-28,833.88,,811.2723999023438,
2016-03-06,793.38,,758.7316284179688,
2016-03-13,730.8066666666667,,744.1010131835938,
2016-03-20,956.3419999999999,,691.5038452148438,
2016-03-27,791.374,,939.0892333984375,
2016-04-03,443.7066666666667,,743.997314453125,
2016-04-10,932.6633333333333,,352.0301208496094,
2016-04-17,853.1379999999999,,952.62939453125,
2016-04-24,707.4949999999999,,819.6500244140625,
2016-05-01,985.4560000000001,,671.5972290039062,
2016-05-08,916.7133333333333,,1003.0282592773438,
2016-05-15,675.4383333333334,,809.5676879882812,
2016-05-22,773.61,,667.2343139648438,
2016-05-29,865.632,,791.518310546875,
2016-06-05,947.335,,819.076171875,
2016-06-12,850.36,,956.298095703125,
2016-06-19,830.48,,829.46875,
2016-06-26,1883.24,,749.220703125,
2016-07-03,6265.63,,1965.143798828125,
2016-07-10,6597.2,,6718.69775390625,
2016-07-17,9814.22,,6652.314453125,
2016-07-24,19887.62,,9909.83203125,
2016-07-31,42768.54,,20946.947265625,
2016-08-07,48388.325,,45024.84765625,
2016-08-14,45220.34,,49552.2421875,
2016-08-21,42515.38,,44056.44140625,
2016-08-28,53332.99,,42100.29296875,
2016-09-04,54943.105,,54850.125,
2016-09-11,42556.72,,58312.46875,
2016-09-18,31254.19,,41698.328125,
2016-09-25,27107.53,,28076.615234375,
2016-10-02,26566.92,,24044.912109375,
2016-10-09,22801.98,,26159.865234375,
2016-10-16,19037.04,,21777.43359375,
2016-10-23,19781.14,,15073.6943359375,
2016-10-30,10146.24,,15728.3095703125,
2016-11-06,6707.92,,6482.23583984375,
2016-11-13,6601.45,,4674.93505859375,
2016-11-20,6538.03,,5483.03369140625,
2016-11-27,6291.96,,4659.873046875,
2016-12-04,4598.245000000001,,5638.7158203125,
2016-12-11,3551.73,,2435.9765625,
2016-12-18,3258.198,,1736.1103515625,
2016-12-25,2786.142,,2717.583984375,
2017-01-01,2164.7483333333334,,2468.656494140625,
2017-01-08,1910.5916666666672,,,1852.32177734375
2017-01-15,1582.3983333333335,,,1417.4515380859375
2017-01-22,1470.5900000000001,,,1104.7838134765625
2017-01-29,1313.4916666666666,,,1204.5750732421875
2017-02-05,1282.335,,,1113.1666259765625
2017-02-12,1141.8416666666665,,,1049.36572265625
2017-02-19,1070.1850000000002,,,976.8513793945312
2017-02-26,981.0899999999999,,,923.1085205078125
2017-03-05,988.015,,,882.3627319335938
2017-03-12,891.3066666666665,,,903.1058349609375
2017-03-19,955.6966666666667,,,825.9520263671875
2017-03-26,969.9780000000001,,,892.4625244140625
2017-04-02,749.0016666666667,,,919.4612426757812
2017-04-09,957.995,,,665.4471435546875
2017-04-16,1106.1633333333334,,,940.155029296875
2017-04-23,1059.7749999999999,,,1085.9913330078125
2017-04-30,1134.5666666666666,,,1013.665771484375
2017-05-07,1324.174,,,1122.9324951171875
2017-05-14,1136.3300000000002,,,1276.810546875
2017-05-21,1043.4033333333334,,,1097.1689453125
2017-05-28,1089.0033333333333,,,1029.906005859375
2017-06-04,1237.8766666666668,,,1067.809814453125
2017-06-11,1754.64,,,1215.396728515625
2017-06-18,1838.0700000000002,,,1806.607421875
2017-06-25,1921.5,,,1793.8970947265625
2017-07-02,2695.7,,,1837.77978515625
2017-07-09,3469.9,,,2737.13427734375
2017-07-16,6630.88,,,3521.89892578125
2017-07-23,19837.51,,,6963.724609375
2017-07-30,15444.82,,,21188.25
2017-08-06,19406.66,,,15011.314453125
2017-08-13,21228.67,,,19139.44921875
2017-08-20,48078.41,,,21884.9921875
2017-08-27,49024.104999999996,,,50291.01171875
2017-09-03,41472.426666666666,,,51647.16015625
2017-09-10,32721.44,,,38842.92578125
2017-09-17,30159.02,,,31653.884765625
2017-09-24,25919.46,,,28633.345703125
2017-10-01,17664.23,,,28721.43359375
2017-10-08,14197.48,,,17295.66796875
2017-10-15,14230.77,,,11165.0341796875
2017-10-22,12409.33,,,10985.5703125
2017-10-29,9506.66,,,9956.0654296875
2017-11-05,6023.5,,,7393.58349609375
2017-11-12,6704.79,,,3250.82275390625
2017-11-19,6194.64,,,4904.458984375
2017-11-26,5665.92,,,5475.3076171875
2017-12-03,3889.726666666667,,,4774.0517578125
2017-12-10,3305.186666666667,,,2817.046875
2017-12-17,2768.024,,,2068.894287109375
2017-12-24,2223.9066666666668,,,2367.79541015625
2017-12-31,1913.536,,,1879.330322265625
2018-01-07,1616.5033333333333,,,1595.1463623046875
2018-01-14,1471.9916666666668,,,1094.3546142578125
2018-01-21,1293.5216666666665,,,1095.8494873046875
2018-01-28,1243.5249999999999,,,1049.39111328125
2018-02-04,1209.1216666666667,,,1019.5811157226562
2018-02-11,1165.415,,,1049.2030029296875
2018-02-18,1081.7733333333335,,,1024.8555908203125
2018-02-25,1033.616,,,975.8703002929688
2018-03-04,978.5766666666668,,,939.130859375
2018-03-11,928.4883333333333,,,908.2435302734375
2018-03-18,951.3520000000001,,,871.1533813476562
2018-03-25,959.195,,,905.8197021484375
2018-04-01,811.2280000000001,,,906.9202880859375
2018-04-08,868.3633333333333,,,745.1375732421875
2018-04-15,1039.092,,,826.108642578125
2018-04-22,928.57,,,1018.603271484375
2018-04-29,964.8280000000001,,,882.0009765625
2018-05-06,1035.125,,,936.4847412109375
2018-05-13,961.4350000000001,,,996.0009155273438
2018-05-20,1017.1266666666667,,,912.95166015625
2018-05-27,1076.0149999999999,,,1023.638916015625
2018-06-03,1159.6399999999999,,,1048.24072265625
2018-06-10,1560.75,,,1126.2987060546875
2018-06-17,1501.55,,,1584.1878662109375
2018-06-24,1576.87,,,1456.4306640625
2018-07-01,2332.26,,,1531.364990234375
2018-07-08,3128.64,,,2394.49462890625
2018-07-15,7974.28,,,3177.87548828125
2018-07-22,8718.76,,,8466.8203125
2018-07-29,9169.34,,,8819.32421875
2018-08-05,10570.28,,,8917.8232421875
2018-08-12,32130.63,,,10796.4345703125
2018-08-19,32710.44,,,34181.7890625
2018-08-26,32529.92,,,33688.875
2018-09-02,33965.075,,,31618.8515625
2018-09-09,38367.5,,,34201.15625
2018-09-16,40749.14,,,37701.390625
2018-09-23,32235.58,,,43682.7421875
2018-09-30,23722.02,,,31684.70703125
2018-10-07,13375.4,,,21228.283203125
2018-10-14,10133.7,,,11234.279296875
2018-10-21,9001.58,,,9040.8369140625
2018-10-28,7714.42,,,8613.8828125
2018-11-04,6791.14,,,5152.08935546875
2018-11-11,6625.47,,,3872.08251953125
2018-11-18,6491.38,,,3616.740234375
2018-11-25,6034.6,,,4683.44384765625
2018-12-02,5780.073333333334,,,5184.49267578125
2018-12-09,5030.170000000001,,,5138.7666015625
2018-12-16,3452.9979999999996,,,4418.38134765625
2018-12-23,2467.791666666667,,,2907.10693359375
2018-12-30,2156.515,,,2083.26513671875
